{
  "project_info": {
    "project_number": "700618471546",
    "firebase_url": "https://fir-dbapp-72a4e.firebaseio.com",
    "project_id": "fir-dbapp-72a4e",
    "storage_bucket": "fir-dbapp-72a4e.appspot.com"
  },
  "client": [
    {
      "client_info": {
        "mobilesdk_app_id": "1:700618471546:android:bddb14c5bd80bb36",
        "android_client_info": {
          "package_name": "com.example.nshwe.firebasedbapp"
        }
      },
      "oauth_client": [
        {
          "client_id": "700618471546-pufnb5mkp16im64h2j0aeli4g2hgq5ha.apps.googleusercontent.com",
          "client_type": 1,
          "android_info": {
            "package_name": "com.example.nshwe.firebasedbapp",
            "certificate_hash": "b4a49c30c50c499a1067dad51776fdd86fbe219f"
          }
        },
        {
          "client_id": "700618471546-mnn3r7bh4dpg0k0rafp15ff31m995dvq.apps.googleusercontent.com",
          "client_type": 3
        }
      ],
      "api_key": [
        {
          "current_key": "AIzaSyA2DXspqOfN2oPTUnIfEA81aLtkRl4I-sY"
        }
      ],
      "services": {
        "analytics_service": {
          "status": 1
        },
        "appinvite_service": {
          "status": 2,
          "other_platform_oauth_client": [
            {
              "client_id": "700618471546-mnn3r7bh4dpg0k0rafp15ff31m995dvq.apps.googleusercontent.com",
              "client_type": 3
            }
          ]
        },
        "ads_service": {
          "status": 2
        }
      }
    }
  ],
  "configuration_version": "1"
}